2024-08-24 22:14:43.680352,43.68104868910305,32.0,0
2024-08-24 22:14:43.997334,43.68104868910305,32.0,0
2024-08-24 22:14:44.257207,43.68104868910305,32.0,0
2024-08-24 22:14:44.500970,43.68104868910305,32.0,0
2024-08-24 22:14:44.756880,43.68104868910305,32.0,0
2024-08-24 22:14:44.966533,43.68104868910305,32.0,0
2024-08-24 22:14:45.212094,43.68104868910305,32.0,100
2024-08-24 22:14:45.469509,43.68104868910305,32.0,100
2024-08-24 22:14:45.756130,43.68104868910305,33.0,100
2024-08-24 22:14:45.982871,43.68104868910305,33.0,100
2024-08-24 22:14:46.244178,43.68104868910305,34.0,100
2024-08-24 22:14:46.497605,43.68104868910305,35.0,100
2024-08-24 22:14:46.717943,43.68104868910305,36.0,100
2024-08-24 22:14:46.967439,43.68104868910305,38.0,100
2024-08-24 22:14:47.229165,43.68104868910305,40.0,100
2024-08-24 22:14:47.444916,43.68104868910305,41.0,100
2024-08-24 22:14:47.729466,43.68104868910305,41.0,100
2024-08-24 22:14:47.946337,43.68104868910305,43.0,100
2024-08-24 22:14:48.207158,43.68104868910305,45.0,0
2024-08-24 22:14:48.420780,43.68104868910305,47.0,0
2024-08-24 22:14:48.629189,43.68104868910305,47.0,0
2024-08-24 22:14:48.880804,43.68104868910305,49.0,0
2024-08-24 22:14:49.092633,43.68104868910305,51.0,0
2024-08-24 22:14:49.343587,43.68104868910305,52.0,0
2024-08-24 22:14:49.557151,43.68104868910305,52.0,0
2024-08-24 22:14:49.849526,43.68104868910305,53.0,0
2024-08-24 22:14:50.068213,43.68104868910305,54.0,0
2024-08-24 22:14:50.277644,43.68104868910305,54.0,0
2024-08-24 22:14:50.544108,43.68104868910305,54.0,0
2024-08-24 22:14:50.808065,43.68104868910305,54.0,0
2024-08-24 22:14:51.001198,43.68104868910305,54.0,0
2024-08-24 22:14:51.244794,43.68104868910305,55.0,0
2024-08-24 22:14:51.505190,43.68104868910305,55.0,0
2024-08-24 22:14:51.748943,43.68104868910305,55.0,0
2024-08-24 22:14:52.007880,43.68104868910305,54.0,0
2024-08-24 22:14:52.255839,43.68104868910305,54.0,0
2024-08-24 22:14:52.467807,43.68104868910305,54.0,0
2024-08-24 22:14:52.722560,43.68104868910305,53.0,0
2024-08-24 22:14:52.971469,43.68104868910305,53.0,0
2024-08-24 22:14:53.222244,43.68104868910305,53.0,0
2024-08-24 22:14:53.476692,43.68104868910305,52.0,0
2024-08-24 22:14:53.728869,43.68104868910305,52.0,0
2024-08-24 22:14:53.941832,43.68104868910305,51.0,0
2024-08-24 22:14:54.155038,43.68104868910305,51.0,0
2024-08-24 22:14:54.380122,43.68104868910305,51.0,0
2024-08-24 22:14:54.685535,43.68104868910305,50.0,0
2024-08-24 22:14:54.908852,43.68104868910305,49.0,0
2024-08-24 22:14:55.118647,43.68104868910305,49.0,0
2024-08-24 22:14:55.337140,43.68104868910305,49.0,0
2024-08-24 22:14:55.583999,43.68104868910305,48.0,0
2024-08-24 22:14:55.796897,43.68104868910305,48.0,0
2024-08-24 22:14:56.004701,43.68104868910305,48.0,0
2024-08-24 22:14:56.317171,43.68104868910305,47.0,0
2024-08-24 22:14:56.527487,43.68104868910305,47.0,0
2024-08-24 22:14:56.780112,43.68104868910305,46.0,0
2024-08-24 22:14:56.991170,43.68104868910305,46.0,0
2024-08-24 22:14:57.288726,43.68104868910305,45.0,0
2024-08-24 22:14:57.510302,43.68104868910305,45.0,0
2024-08-24 22:14:57.707176,43.68104868910305,45.0,0
2024-08-24 22:14:57.928444,43.68104868910305,45.0,0
2024-08-24 22:14:58.214906,43.68104868910305,44.0,0
2024-08-24 22:14:58.420360,43.68104868910305,44.0,0
2024-08-24 22:14:58.674087,43.68104868910305,43.0,100
2024-08-24 22:14:58.897216,43.68104868910305,43.0,100
2024-08-24 22:14:59.181369,43.68104868910305,43.0,100
2024-08-24 22:14:59.449011,43.68104868910305,43.0,100
2024-08-24 22:14:59.698611,43.68104868910305,43.0,100
2024-08-24 22:14:59.921333,43.68104868910305,44.0,0
2024-08-24 22:15:00.139697,43.68104868910305,44.0,0
2024-08-24 22:15:00.345640,43.68104868910305,44.0,0
2024-08-24 22:15:00.650435,43.68104868910305,45.0,0
2024-08-24 22:15:00.904400,43.68104868910305,45.0,0
2024-08-24 22:15:01.160006,43.68104868910305,46.0,0
2024-08-24 22:15:01.411596,43.68104868910305,46.0,0
2024-08-24 22:15:01.707214,43.68104868910305,46.0,0
2024-08-24 22:15:01.948242,43.68104868910305,46.0,0
2024-08-24 22:15:02.200408,43.68104868910305,46.0,0
2024-08-24 22:15:02.462315,43.68104868910305,46.0,0
2024-08-24 22:15:02.718072,43.68104868910305,46.0,0
2024-08-24 22:15:02.938847,43.68104868910305,46.0,0
2024-08-24 22:15:03.149508,43.68104868910305,46.0,0
2024-08-24 22:15:03.402251,43.68104868910305,46.0,0
2024-08-24 22:15:03.701143,43.68104868910305,46.0,0
2024-08-24 22:15:03.966834,43.68104868910305,45.0,0
2024-08-24 22:15:04.262837,43.68104868910305,45.0,0
2024-08-24 22:15:04.519465,43.68104868910305,45.0,0
2024-08-24 22:15:04.771943,43.68104868910305,45.0,0
2024-08-24 22:15:05.036559,43.68104868910305,44.0,0
2024-08-24 22:15:05.245897,43.68104868910305,44.0,0
2024-08-24 22:15:05.555585,43.68104868910305,44.0,0
2024-08-24 22:15:05.778698,43.68104868910305,43.0,100
2024-08-24 22:15:06.078609,43.68104868910305,43.0,100
2024-08-24 22:15:06.288973,43.68104868910305,43.0,100
2024-08-24 22:15:06.499831,43.68104868910305,43.0,100
2024-08-24 22:15:06.765441,43.68104868910305,43.0,100
2024-08-24 22:15:06.982711,43.68104868910305,44.0,0
2024-08-24 22:15:07.199738,43.68104868910305,44.0,0
2024-08-24 22:15:07.466512,43.68104868910305,45.0,0
2024-08-24 22:15:07.670097,43.68104868910305,46.0,0
2024-08-24 22:15:07.936881,43.68104868910305,46.0,0
2024-08-24 22:15:08.143360,43.68104868910305,46.0,0
2024-08-24 22:15:08.361512,43.68104868910305,47.0,0
2024-08-24 22:15:08.583130,43.68104868910305,47.0,0
2024-08-24 22:15:08.807987,43.68104868910305,47.0,0
2024-08-24 22:15:09.027018,43.68104868910305,47.0,0
2024-08-24 22:15:09.242028,43.68104868910305,47.0,0
2024-08-24 22:15:09.501317,43.68104868910305,47.0,0
2024-08-24 22:15:09.709458,43.68104868910305,47.0,0
2024-08-24 22:15:09.970872,43.68104868910305,47.0,0
2024-08-24 22:15:10.190656,43.68104868910305,47.0,0
2024-08-24 22:15:10.402957,43.68104868910305,47.0,0
2024-08-24 22:15:10.643441,43.68104868910305,47.0,0
2024-08-24 22:15:10.895262,43.68104868910305,47.0,0
2024-08-24 22:15:11.117783,43.68104868910305,47.0,0
2024-08-24 22:15:11.401095,43.68104868910305,46.0,0
2024-08-24 22:15:11.611655,43.68104868910305,46.0,0
2024-08-24 22:15:11.823342,43.68104868910305,46.0,0
2024-08-24 22:15:12.131840,43.68104868910305,46.0,0
2024-08-24 22:15:12.283953,43.68104868910305,46.0,0
2024-08-24 22:15:12.545295,43.68104868910305,45.0,0
2024-08-24 22:15:12.758091,43.68104868910305,45.0,0
2024-08-24 22:15:13.015506,43.68104868910305,45.0,0
2024-08-24 22:15:13.239546,43.68104868910305,44.0,0
2024-08-24 22:15:13.432498,43.68104868910305,44.0,0
2024-08-24 22:15:13.685205,43.68104868910305,44.0,0
2024-08-24 22:15:13.941027,43.68104868910305,43.0,100
2024-08-24 22:15:14.203366,43.68104868910305,43.0,100
2024-08-24 22:15:14.415562,43.68104868910305,43.0,0
2024-08-24 22:15:14.646453,43.68104868910305,43.0,0
2024-08-24 22:15:14.856064,43.68104868910305,43.0,0
2024-08-24 22:15:15.107643,43.68104868910305,43.0,0
2024-08-24 22:15:15.366962,43.68104868910305,43.0,0
2024-08-24 22:15:15.619420,43.68104868910305,43.0,0
2024-08-24 22:15:15.923817,43.68104868910305,43.0,0
2024-08-24 22:15:16.206283,43.68104868910305,43.0,0
2024-08-24 22:15:16.455794,43.68104868910305,43.0,0
2024-08-24 22:15:16.685206,43.68104868910305,43.0,0
2024-08-24 22:15:16.938262,43.68104868910305,43.0,0
2024-08-24 22:15:17.186972,43.68104868910305,42.0,0
2024-08-24 22:15:17.441694,43.68104868910305,42.0,0
2024-08-24 22:15:17.695693,43.68104868910305,42.0,0
2024-08-24 22:15:17.905033,43.68104868910305,42.0,0
2024-08-24 22:15:18.158028,43.68104868910305,41.0,0
2024-08-24 22:15:18.411876,43.68104868910305,41.0,0
2024-08-24 22:15:18.664572,43.68104868910305,41.0,0
2024-08-24 22:15:18.923459,43.68104868910305,41.0,0
2024-08-24 22:15:19.141036,43.68104868910305,40.0,0
2024-08-24 22:15:19.348926,43.68104868910305,40.0,0
2024-08-24 22:15:19.594272,43.68104868910305,40.0,0
2024-08-24 22:15:19.808982,43.68104868910305,40.0,0
2024-08-24 22:15:20.118103,43.68104868910305,40.0,0
2024-08-24 22:15:20.341055,43.68104868910305,39.0,0
2024-08-24 22:15:20.574914,43.68104868910305,39.0,0
2024-08-24 22:15:20.805179,43.68104868910305,39.0,0
2024-08-24 22:15:21.018202,43.68104868910305,39.0,0
2024-08-24 22:15:21.311811,43.68104868910305,39.0,0
2024-08-24 22:15:21.561079,43.68104868910305,38.0,0
2024-08-24 22:15:21.776919,43.68104868910305,38.0,0
2024-08-24 22:15:22.032885,43.68104868910305,38.0,0
2024-08-24 22:15:22.287829,43.68104868910305,38.0,0
2024-08-24 22:15:22.539552,43.68104868910305,38.0,0
2024-08-24 22:15:22.789471,43.68104868910305,37.0,0
2024-08-24 22:15:23.042059,43.68104868910305,37.0,0
2024-08-24 22:15:23.290501,43.68104868910305,37.0,0
2024-08-24 22:15:23.541045,43.68104868910305,37.0,0
2024-08-24 22:15:23.795511,43.68104868910305,37.0,0
2024-08-24 22:15:24.006055,43.68104868910305,36.0,0
2024-08-24 22:15:24.217257,43.68104868910305,36.0,0
2024-08-24 22:15:24.437100,43.68104868910305,36.0,0
2024-08-24 22:15:24.659952,43.68104868910305,36.0,0
2024-08-24 22:15:24.874252,43.68104868910305,36.0,0
2024-08-24 22:15:25.096901,43.68104868910305,36.0,0
2024-08-24 22:15:25.380581,43.68104868910305,36.0,0
2024-08-24 22:15:25.628045,43.68104868910305,36.0,0
2024-08-24 22:15:25.850067,43.68104868910305,35.0,0
2024-08-24 22:15:26.130605,43.68104868910305,35.0,0
2024-08-24 22:15:26.383492,43.68104868910305,35.0,0
2024-08-24 22:15:26.633535,43.68104868910305,35.0,0
2024-08-24 22:15:26.886219,43.68104868910305,35.0,0
2024-08-24 22:15:27.101865,43.68104868910305,35.0,0
2024-08-24 22:15:27.363882,43.68104868910305,35.0,0
2024-08-24 22:15:27.665950,43.68104868910305,35.0,0
2024-08-24 22:15:27.929059,43.68104868910305,34.0,0
2024-08-24 22:15:28.139903,43.68104868910305,34.0,0
2024-08-24 22:15:28.354184,43.68104868910305,34.0,0
2024-08-24 22:15:28.657262,43.68104868910305,34.0,0
2024-08-24 22:15:28.946222,43.68104868910305,34.0,0
2024-08-24 22:15:29.235522,43.68104868910305,34.0,0
2024-08-24 22:15:29.488790,43.68104868910305,34.0,0
2024-08-24 22:15:29.742575,43.68104868910305,34.0,0
2024-08-24 22:15:29.963320,43.68104868910305,34.0,0
2024-08-24 22:15:30.220936,43.68104868910305,34.0,0
2024-08-24 22:15:30.440101,43.68104868910305,34.0,0
2024-08-24 22:15:30.647004,43.68104868910305,34.0,0
2024-08-24 22:15:30.869977,43.68104868910305,34.0,0
2024-08-24 22:15:31.138292,43.68104868910305,34.0,0
2024-08-24 22:15:31.392020,43.68104868910305,34.0,0
2024-08-24 22:15:31.604193,43.68104868910305,33.0,0
2024-08-24 22:15:31.828888,43.68104868910305,33.0,0
2024-08-24 22:15:32.041389,43.68104868910305,33.0,0
2024-08-24 22:15:32.260390,43.68104868910305,33.0,0
2024-08-24 22:15:32.477388,43.68104868910305,33.0,0
2024-08-24 22:15:32.715691,43.68104868910305,33.0,0
2024-08-24 22:15:32.933191,43.68104868910305,33.0,0
2024-08-24 22:15:33.236262,43.68104868910305,33.0,0
2024-08-24 22:15:33.514545,43.68104868910305,33.0,0
2024-08-24 22:15:33.739383,43.68104868910305,33.0,0
2024-08-24 22:15:33.962570,43.68104868910305,33.0,0
2024-08-24 22:15:34.214880,43.68104868910305,33.0,0
2024-08-24 22:15:34.438656,43.68104868910305,33.0,0
2024-08-24 22:15:34.632692,43.68104868910305,33.0,0
2024-08-24 22:15:34.848889,43.68104868910305,33.0,0
2024-08-24 22:15:35.162404,43.68104868910305,33.0,0
2024-08-24 22:15:35.453138,43.68104868910305,33.0,0
2024-08-24 22:15:35.711562,43.68104868910305,33.0,0
2024-08-24 22:15:35.920992,43.68104868910305,33.0,0
2024-08-24 22:15:36.142607,43.68104868910305,33.0,0
2024-08-24 22:15:36.352759,43.68104868910305,33.0,0
2024-08-24 22:15:36.594060,43.68104868910305,33.0,0
2024-08-24 22:15:36.805691,43.68104868910305,33.0,0
2024-08-24 22:15:37.025226,43.68104868910305,33.0,0
2024-08-24 22:15:37.234226,43.68104868910305,33.0,0
2024-08-24 22:15:37.548851,43.68104868910305,33.0,0
2024-08-24 22:15:37.698934,43.68104868910305,33.0,43.79104868910305
2024-08-24 22:15:37.952812,43.68104868910305,33.0,11.751048689103051
2024-08-24 22:15:38.202285,43.68104868910305,33.0,11.751048689103051
2024-08-24 22:15:38.454086,43.68104868910305,33.0,11.751048689103051
2024-08-24 22:15:38.713913,43.68104868910305,33.0,11.751048689103051
2024-08-24 22:15:38.923518,43.68104868910305,33.0,11.751048689103051
2024-08-24 22:15:39.227625,43.68104868910305,33.0,11.751048689103051
2024-08-24 22:15:39.469440,43.68104868910305,33.0,11.751048689103051
2024-08-24 22:15:39.683110,43.68104868910305,33.0,11.751048689103051
2024-08-24 22:15:39.894757,43.68104868910305,33.0,11.751048689103051
2024-08-24 22:15:40.144266,43.68104868910305,33.0,11.751048689103051
2024-08-24 22:15:40.401903,43.68104868910305,33.0,11.751048689103051
2024-08-24 22:15:40.604995,43.68104868910305,33.0,11.751048689103051
2024-08-24 22:15:40.862554,43.68104868910305,33.0,11.751048689103051
2024-08-24 22:15:41.082456,43.68104868910305,33.0,11.751048689103051
2024-08-24 22:15:41.291962,43.68104868910305,33.0,11.751048689103051
2024-08-24 22:15:41.542081,43.68104868910305,33.0,11.751048689103051
2024-08-24 22:15:41.827092,43.68104868910305,33.0,11.751048689103051
2024-08-24 22:15:42.041443,43.68104868910305,33.0,11.751048689103051
2024-08-24 22:15:42.254013,43.68104868910305,33.0,11.751048689103051
2024-08-24 22:15:42.497947,43.68104868910305,33.0,11.751048689103051
2024-08-24 22:15:42.708120,43.68104868910305,32.0,15.85104868910305
2024-08-24 22:15:42.928862,43.68104868910305,32.0,12.85104868910305
2024-08-24 22:15:43.138599,43.68104868910305,32.0,12.85104868910305
2024-08-24 22:15:43.381932,43.68104868910305,32.0,12.85104868910305
2024-08-24 22:15:43.631413,43.68104868910305,32.0,12.85104868910305
2024-08-24 22:15:43.883492,43.68104868910305,32.0,12.85104868910305
2024-08-24 22:15:44.144501,43.68104868910305,32.0,12.85104868910305
2024-08-24 22:15:44.360494,43.68104868910305,32.0,12.85104868910305
2024-08-24 22:15:44.649476,43.68104868910305,32.0,12.85104868910305
2024-08-24 22:15:44.909859,43.68104868910305,32.0,12.85104868910305
2024-08-24 22:15:45.111371,43.68104868910305,32.0,12.85104868910305
2024-08-24 22:15:45.431297,43.68104868910305,32.0,12.85104868910305
2024-08-24 22:15:45.660514,43.68104868910305,32.0,12.85104868910305
2024-08-24 22:15:45.858702,43.68104868910305,32.0,12.85104868910305
2024-08-24 22:15:46.137422,43.68104868910305,32.0,12.85104868910305
2024-08-24 22:15:46.391055,43.68104868910305,32.0,12.85104868910305
2024-08-24 22:15:46.640331,43.68104868910305,32.0,12.85104868910305
2024-08-24 22:15:46.854970,43.68104868910305,32.0,12.85104868910305
2024-08-24 22:15:47.066209,43.68104868910305,32.0,12.85104868910305
2024-08-24 22:15:47.287829,43.68104868910305,32.0,12.85104868910305
2024-08-24 22:15:47.502488,43.68104868910305,32.0,12.85104868910305
2024-08-24 22:15:47.716960,43.68104868910305,32.0,12.85104868910305
2024-08-24 22:15:48.028769,43.68104868910305,32.0,12.85104868910305
2024-08-24 22:15:48.326418,43.68104868910305,32.0,12.85104868910305
2024-08-24 22:15:48.580702,43.68104868910305,32.0,12.85104868910305
2024-08-24 22:15:48.836964,43.68104868910305,32.0,12.85104868910305
2024-08-24 22:15:49.091923,43.68104868910305,32.0,12.85104868910305
2024-08-24 22:15:49.299887,43.68104868910305,32.0,12.85104868910305
2024-08-24 22:15:49.520365,43.68104868910305,32.0,12.85104868910305
2024-08-24 22:15:49.829504,43.68104868910305,32.0,12.85104868910305
2024-08-24 22:15:50.043298,43.68104868910305,32.0,12.85104868910305
2024-08-24 22:15:50.271876,43.68104868910305,32.0,12.85104868910305
2024-08-24 22:15:50.483228,43.68104868910305,32.0,12.85104868910305
2024-08-24 22:15:50.694347,43.68104868910305,32.0,12.85104868910305
2024-08-24 22:15:50.911821,43.68104868910305,32.0,12.85104868910305
2024-08-24 22:15:51.186867,43.68104868910305,32.0,12.85104868910305
2024-08-24 22:15:51.439856,43.68104868910305,32.0,12.85104868910305
2024-08-24 22:15:51.695948,43.68104868910305,32.0,12.85104868910305
2024-08-24 22:15:51.950478,43.68104868910305,32.0,12.85104868910305
2024-08-24 22:15:52.171077,43.68104868910305,32.0,12.85104868910305
2024-08-24 22:15:52.387383,43.68104868910305,32.0,12.85104868910305
2024-08-24 22:15:52.637788,43.68104868910305,32.0,12.85104868910305
2024-08-24 22:15:52.855287,43.68104868910305,32.0,12.85104868910305
2024-08-24 22:15:53.150885,43.68104868910305,32.0,12.85104868910305
2024-08-24 22:15:53.405853,43.68104868910305,32.0,12.85104868910305
2024-08-24 22:15:53.654841,43.68104868910305,32.0,12.85104868910305
2024-08-24 22:15:53.920957,43.68104868910305,32.0,14.02104868910305
2024-08-24 22:15:54.129704,43.68104868910305,32.0,15.19104868910305
2024-08-24 22:15:54.361555,43.68104868910305,32.0,16.36104868910305
2024-08-24 22:15:54.610074,43.68104868910305,32.0,17.531048689103052
2024-08-24 22:15:54.888959,43.68104868910305,32.0,18.70104868910305
2024-08-24 22:15:55.101789,43.68104868910305,32.0,19.87104868910305
2024-08-24 22:15:55.307347,43.68104868910305,32.0,21.04104868910305
2024-08-24 22:15:55.534049,43.68104868910305,33.0,22.211048689103052
2024-08-24 22:15:55.755983,43.68104868910305,33.0,19.281048689103052
2024-08-24 22:15:55.970726,43.68104868910305,33.0,23.351048689103052
2024-08-24 22:15:56.180537,43.68104868910305,33.0,24.421048689103053
2024-08-24 22:15:56.399954,43.68104868910305,33.0,25.491048689103053
2024-08-24 22:15:56.695896,43.68104868910305,33.0,26.561048689103053
2024-08-24 22:15:56.914139,43.68104868910305,33.0,27.63104868910305
2024-08-24 22:15:57.130951,43.68104868910305,33.0,28.70104868910305
2024-08-24 22:15:57.348937,43.68104868910305,33.0,29.77104868910305
2024-08-24 22:15:57.557545,43.68104868910305,33.0,30.84104868910305
2024-08-24 22:15:57.818001,43.68104868910305,33.0,31.91104868910305
2024-08-24 22:15:58.093291,43.68104868910305,33.0,32.98104868910305
2024-08-24 22:15:58.369026,43.68104868910305,34.0,34.051048689103055
2024-08-24 22:15:58.604749,43.68104868910305,34.0,31.021048689103054
2024-08-24 22:15:58.903094,43.68104868910305,34.0,34.99104868910305
2024-08-24 22:15:59.107655,43.68104868910305,34.0,35.96104868910305
2024-08-24 22:15:59.331910,43.68104868910305,34.0,36.93104868910305
2024-08-24 22:15:59.603390,43.68104868910305,34.0,37.90104868910305
2024-08-24 22:15:59.846706,43.68104868910305,35.0,38.87104868910305
2024-08-24 22:16:00.099980,43.68104868910305,35.0,35.74104868910305
2024-08-24 22:16:00.374247,43.68104868910305,35.0,39.61104868910305
2024-08-24 22:16:00.659221,43.68104868910305,35.0,40.48104868910305
2024-08-24 22:16:00.864007,43.68104868910305,36.0,41.35104868910305
2024-08-24 22:16:01.085687,43.68104868910305,36.0,38.12104868910305
2024-08-24 22:16:01.348916,43.68104868910305,36.0,41.89104868910305
2024-08-24 22:16:01.559438,43.68104868910305,36.0,42.66104868910305
2024-08-24 22:16:01.850210,43.68104868910305,37.0,43.43104868910305
2024-08-24 22:16:02.058993,43.68104868910305,37.0,40.10104868910305
2024-08-24 22:16:02.289483,43.68104868910305,37.0,43.771048689103054
2024-08-24 22:16:02.570418,43.68104868910305,37.0,44.44104868910305
2024-08-24 22:16:02.863125,43.68104868910305,38.0,45.11104868910305
2024-08-24 22:16:03.067870,43.68104868910305,38.0,41.68104868910305
2024-08-24 22:16:03.296740,43.68104868910305,38.0,45.25104868910305
2024-08-24 22:16:03.580716,43.68104868910305,38.0,45.82104868910305
2024-08-24 22:16:03.855229,43.68104868910305,39.0,46.39104868910305
2024-08-24 22:16:04.069381,43.68104868910305,39.0,42.86104868910305
2024-08-24 22:16:04.279264,43.68104868910305,40.0,46.33104868910305
2024-08-24 22:16:04.509463,43.68104868910305,40.0,42.701048689103054
2024-08-24 22:16:04.801700,43.68104868910305,40.0,46.07104868910305
2024-08-24 22:16:05.008916,43.68104868910305,40.0,46.44104868910305
2024-08-24 22:16:05.224495,43.68104868910305,41.0,46.81104868910305
2024-08-24 22:16:05.446539,43.68104868910305,41.0,43.08104868910305
2024-08-24 22:16:05.728977,43.68104868910305,41.0,46.35104868910305
2024-08-24 22:16:05.944028,43.68104868910305,41.0,46.62104868910305
2024-08-24 22:16:06.160493,43.68104868910305,41.0,46.89104868910305
2024-08-24 22:16:06.380387,43.68104868910305,42.0,47.16104868910305
2024-08-24 22:16:06.596332,43.68104868910305,42.0,43.33104868910305
2024-08-24 22:16:06.902099,43.68104868910305,42.0,46.50104868910305
2024-08-24 22:16:07.176819,43.68104868910305,42.0,46.67104868910305
2024-08-24 22:16:07.444990,43.68104868910305,43.0,46.84104868910305
2024-08-24 22:16:07.650000,43.68104868910305,43.0,42.91104868910305
2024-08-24 22:16:07.876203,43.68104868910305,43.0,45.98104868910305
2024-08-24 22:16:08.092896,43.68104868910305,43.0,46.05104868910305
2024-08-24 22:16:08.386721,43.68104868910305,43.0,46.12104868910305
2024-08-24 22:16:08.609661,43.68104868910305,44.0,46.19104868910305
2024-08-24 22:16:08.899559,43.68104868910305,44.0,42.16104868910305
2024-08-24 22:16:09.165278,43.68104868910305,45.0,45.131048689103054
2024-08-24 22:16:09.372153,43.68104868910305,45.0,41.00104868910305
2024-08-24 22:16:09.595357,43.68104868910305,45.0,43.87104868910305
2024-08-24 22:16:09.866838,43.68104868910305,45.0,43.74104868910305
2024-08-24 22:16:10.069526,43.68104868910305,46.0,43.61104868910305
2024-08-24 22:16:10.295281,43.68104868910305,46.0,39.381048689103054
2024-08-24 22:16:10.513555,43.68104868910305,46.0,42.15104868910305
2024-08-24 22:16:10.792602,43.68104868910305,46.0,41.92104868910305
2024-08-24 22:16:11.018333,43.68104868910305,46.0,41.69104868910305
2024-08-24 22:16:11.238487,43.68104868910305,47.0,41.46104868910305
2024-08-24 22:16:11.501124,43.68104868910305,47.0,37.131048689103054
2024-08-24 22:16:11.790328,43.68104868910305,47.0,39.80104868910305
2024-08-24 22:16:12.043408,43.68104868910305,47.0,39.47104868910305
2024-08-24 22:16:12.323760,43.68104868910305,47.0,39.14104868910305
2024-08-24 22:16:12.530210,43.68104868910305,47.0,38.81104868910305
2024-08-24 22:16:12.762813,43.68104868910305,47.0,38.48104868910305
2024-08-24 22:16:13.000485,43.68104868910305,48.0,38.15104868910305
2024-08-24 22:16:13.279678,43.68104868910305,48.0,33.72104868910305
2024-08-24 22:16:13.498914,43.68104868910305,48.0,36.29104868910305
2024-08-24 22:16:13.771524,43.68104868910305,48.0,35.86104868910305
2024-08-24 22:16:13.981882,43.68104868910305,48.0,35.43104868910305
2024-08-24 22:16:14.199762,43.68104868910305,49.0,35.00104868910305
2024-08-24 22:16:14.416147,43.68104868910305,49.0,30.47104868910305
2024-08-24 22:16:14.638812,43.68104868910305,49.0,32.94104868910305
2024-08-24 22:16:14.910001,43.68104868910305,49.0,32.41104868910305
2024-08-24 22:16:15.182012,43.68104868910305,49.0,31.881048689103054
2024-08-24 22:16:15.386929,43.68104868910305,49.0,31.351048689103052
2024-08-24 22:16:15.627845,43.68104868910305,49.0,30.82104868910305
2024-08-24 22:16:15.914134,43.68104868910305,49.0,30.29104868910305
2024-08-24 22:16:16.128139,43.68104868910305,50.0,29.76104868910305
2024-08-24 22:16:16.341105,43.68104868910305,50.0,25.131048689103054
2024-08-24 22:16:16.573559,43.68104868910305,50.0,27.50104868910305
2024-08-24 22:16:16.856630,43.68104868910305,50.0,26.87104868910305
2024-08-24 22:16:17.058688,43.68104868910305,50.0,26.241048689103053
2024-08-24 22:16:17.345374,43.68104868910305,50.0,25.61104868910305
2024-08-24 22:16:17.551302,43.68104868910305,50.0,24.98104868910305
2024-08-24 22:16:17.781074,43.68104868910305,50.0,24.351048689103052
2024-08-24 22:16:18.065601,43.68104868910305,50.0,23.72104868910305
2024-08-24 22:16:18.353969,43.68104868910305,50.0,23.09104868910305
2024-08-24 22:16:18.562886,43.68104868910305,50.0,22.461048689103052
2024-08-24 22:16:18.789500,43.68104868910305,50.0,21.83104868910305
2024-08-24 22:16:19.007818,43.68104868910305,50.0,21.20104868910305
2024-08-24 22:16:19.263455,43.68104868910305,50.0,20.57104868910305
2024-08-24 22:16:19.554121,43.68104868910305,50.0,19.941048689103052
2024-08-24 22:16:19.823801,43.68104868910305,50.0,19.31104868910305
2024-08-24 22:16:20.107493,43.68104868910305,50.0,18.68104868910305
2024-08-24 22:16:20.410028,43.68104868910305,50.0,18.05104868910305
2024-08-24 22:16:20.701553,43.68104868910305,50.0,17.42104868910305
2024-08-24 22:16:20.922138,43.68104868910305,50.0,16.79104868910305
2024-08-24 22:16:21.191527,43.68104868910305,50.0,16.16104868910305
2024-08-24 22:16:21.398805,43.68104868910305,50.0,15.531048689103052
2024-08-24 22:16:21.629370,43.68104868910305,50.0,14.90104868910305
2024-08-24 22:16:21.928088,43.68104868910305,50.0,14.27104868910305
2024-08-24 22:16:22.184378,43.68104868910305,50.0,13.641048689103052
2024-08-24 22:16:22.389963,43.68104868910305,50.0,13.011048689103049
2024-08-24 22:16:22.623053,43.68104868910305,49.0,12.38104868910305
2024-08-24 22:16:22.843365,43.68104868910305,49.0,15.851048689103052
2024-08-24 22:16:23.090497,43.68104868910305,49.0,12.321048689103051
2024-08-24 22:16:23.311701,43.68104868910305,49.0,11.79104868910305
2024-08-24 22:16:23.526460,43.68104868910305,49.0,11.261048689103049
2024-08-24 22:16:23.745088,43.68104868910305,49.0,10.731048689103051
2024-08-24 22:16:24.007634,43.68104868910305,49.0,10.20104868910305
2024-08-24 22:16:24.223466,43.68104868910305,49.0,9.671048689103051
2024-08-24 22:16:24.449664,43.68104868910305,49.0,9.141048689103052
2024-08-24 22:16:24.702631,43.68104868910305,49.0,8.61104868910305
2024-08-24 22:16:24.992753,43.68104868910305,48.0,8.081048689103051
2024-08-24 22:16:25.268194,43.68104868910305,48.0,11.651048689103051
2024-08-24 22:16:25.484747,43.68104868910305,48.0,8.22104868910305
2024-08-24 22:16:25.780789,43.68104868910305,48.0,7.79104868910305
2024-08-24 22:16:25.984864,43.68104868910305,48.0,7.36104868910305
2024-08-24 22:16:26.208637,43.68104868910305,48.0,6.931048689103051
2024-08-24 22:16:26.495278,43.68104868910305,48.0,6.501048689103051
2024-08-24 22:16:26.716486,43.68104868910305,48.0,6.071048689103051
2024-08-24 22:16:26.978087,43.68104868910305,48.0,5.641048689103052
2024-08-24 22:16:27.253949,43.68104868910305,48.0,5.21104868910305
2024-08-24 22:16:27.460839,43.68104868910305,48.0,4.78104868910305
2024-08-24 22:16:27.702206,43.68104868910305,48.0,4.351048689103051
2024-08-24 22:16:27.992239,43.68104868910305,48.0,3.921048689103051
2024-08-24 22:16:28.260377,43.68104868910305,48.0,3.4910486891030503
2024-08-24 22:16:28.477282,43.68104868910305,48.0,3.0610486891030506
2024-08-24 22:16:28.747438,43.68104868910305,48.0,2.631048689103051
2024-08-24 22:16:28.954055,43.68104868910305,48.0,2.2010486891030503
2024-08-24 22:16:29.203431,43.68104868910305,48.0,1.7710486891030506
2024-08-24 22:16:29.467657,43.68104868910305,48.0,1.3410486891030509
2024-08-24 22:16:29.734488,43.68104868910305,48.0,0.9110486891030511
2024-08-24 22:16:29.992143,43.68104868910305,47.0,0.48104868910305054
2024-08-24 22:16:30.288798,43.68104868910305,47.0,4.1510486891030505
2024-08-24 22:16:30.557457,43.68104868910305,47.0,0.8210486891030504
2024-08-24 22:16:30.823017,43.68104868910305,47.0,0.4910486891030508
2024-08-24 22:16:31.037058,43.68104868910305,47.0,0.1610486891030507
2024-08-24 22:16:31.307256,43.68104868910305,47.0,0
2024-08-24 22:16:31.523628,43.68104868910305,46.0,0
2024-08-24 22:16:31.761342,43.68104868910305,46.0,3.2710486891030506
2024-08-24 22:16:31.980871,43.68104868910305,46.0,0.041048689103050595
2024-08-24 22:16:32.249774,43.68104868910305,46.0,0
2024-08-24 22:16:32.553658,43.68104868910305,45.0,0
2024-08-24 22:16:32.777462,43.68104868910305,45.0,3.4510486891030507
2024-08-24 22:16:32.995961,43.68104868910305,45.0,0.3210486891030506
2024-08-24 22:16:33.219804,43.68104868910305,45.0,0.19104868910305073
2024-08-24 22:16:33.506257,43.68104868910305,44.0,0.06104868910305061
2024-08-24 22:16:33.724974,43.68104868910305,44.0,4.03104868910305
2024-08-24 22:16:33.966357,43.68104868910305,44.0,1.0010486891030508
2024-08-24 22:16:34.232214,43.68104868910305,44.0,0.9710486891030508
2024-08-24 22:16:34.508545,43.68104868910305,43.0,0.9410486891030507
2024-08-24 22:16:34.803110,43.68104868910305,43.0,5.011048689103051
2024-08-24 22:16:35.016940,43.68104868910305,43.0,2.0810486891030506
2024-08-24 22:16:35.239240,43.68104868910305,43.0,2.1510486891030505
2024-08-24 22:16:35.444917,43.68104868910305,42.0,2.2210486891030508
2024-08-24 22:16:35.661790,43.68104868910305,42.0,6.391048689103051
2024-08-24 22:16:35.928938,43.68104868910305,42.0,3.5610486891030506
2024-08-24 22:16:36.148269,43.68104868910305,42.0,3.7310486891030505
2024-08-24 22:16:36.435831,43.68104868910305,42.0,3.901048689103051
2024-08-24 22:16:36.703663,43.68104868910305,42.0,4.071048689103051
2024-08-24 22:16:36.908689,43.68104868910305,42.0,4.241048689103051
2024-08-24 22:16:37.142889,43.68104868910305,42.0,4.411048689103051
2024-08-24 22:16:37.394043,43.68104868910305,42.0,4.581048689103051
2024-08-24 22:16:37.686008,43.68104868910305,41.0,4.751048689103051
2024-08-24 22:16:37.905675,43.68104868910305,41.0,9.02104868910305
2024-08-24 22:16:38.171937,43.68104868910305,41.0,6.29104868910305
2024-08-24 22:16:38.453619,43.68104868910305,41.0,6.561048689103051
2024-08-24 22:16:38.721749,43.68104868910305,41.0,6.831048689103051
2024-08-24 22:16:38.927047,43.68104868910305,41.0,7.101048689103051
2024-08-24 22:16:39.144806,43.68104868910305,41.0,7.371048689103051
2024-08-24 22:16:39.417860,43.68104868910305,41.0,7.641048689103051
2024-08-24 22:16:39.663179,43.68104868910305,41.0,7.911048689103051
2024-08-24 22:16:39.944176,43.68104868910305,41.0,8.18104868910305
2024-08-24 22:16:40.151983,43.68104868910305,41.0,8.45104868910305
2024-08-24 22:16:40.373908,43.68104868910305,41.0,8.72104868910305
2024-08-24 22:16:40.589961,43.68104868910305,41.0,8.99104868910305
2024-08-24 22:16:40.852854,43.68104868910305,41.0,9.26104868910305
2024-08-24 22:16:41.059751,43.68104868910305,41.0,9.53104868910305
2024-08-24 22:16:41.282917,43.68104868910305,41.0,9.801048689103052
2024-08-24 22:16:41.564821,43.68104868910305,41.0,10.071048689103051
2024-08-24 22:16:41.784953,43.68104868910305,41.0,10.34104868910305
2024-08-24 22:16:42.073759,43.68104868910305,41.0,10.61104868910305
2024-08-24 22:16:42.281535,43.68104868910305,41.0,10.88104868910305
2024-08-24 22:16:42.519178,43.68104868910305,41.0,11.151048689103051
2024-08-24 22:16:42.713467,43.68104868910305,41.0,11.421048689103051
2024-08-24 22:16:42.931771,43.68104868910305,41.0,11.69104868910305
2024-08-24 22:16:43.206095,43.68104868910305,41.0,11.96104868910305
2024-08-24 22:16:43.474326,43.68104868910305,42.0,12.231048689103051
2024-08-24 22:16:43.745637,43.68104868910305,42.0,8.401048689103051
2024-08-24 22:16:44.018580,43.68104868910305,42.0,11.571048689103051
2024-08-24 22:16:44.224177,43.68104868910305,42.0,11.741048689103051
2024-08-24 22:16:44.458120,43.68104868910305,42.0,11.911048689103051
2024-08-24 22:16:44.712251,43.68104868910305,42.0,12.081048689103051
2024-08-24 22:16:44.926043,43.68104868910305,42.0,12.251048689103051
2024-08-24 22:16:45.197175,43.68104868910305,42.0,12.421048689103051
2024-08-24 22:16:45.406757,43.68104868910305,42.0,12.59104868910305
2024-08-24 22:16:45.626546,43.68104868910305,42.0,12.76104868910305
2024-08-24 22:16:45.840518,43.68104868910305,42.0,12.93104868910305
2024-08-24 22:16:46.058037,43.68104868910305,42.0,13.10104868910305
2024-08-24 22:16:46.281305,43.68104868910305,42.0,13.27104868910305
2024-08-24 22:16:46.493350,43.68104868910305,42.0,13.44104868910305
2024-08-24 22:16:46.767192,43.68104868910305,42.0,13.61104868910305
2024-08-24 22:16:46.972966,43.68104868910305,42.0,13.78104868910305
2024-08-24 22:16:47.199543,43.68104868910305,42.0,13.95104868910305
2024-08-24 22:16:47.412708,43.68104868910305,42.0,14.12104868910305
2024-08-24 22:16:47.631908,43.68104868910305,42.0,14.29104868910305
2024-08-24 22:16:47.909420,43.68104868910305,42.0,14.46104868910305
2024-08-24 22:16:48.186352,43.68104868910305,42.0,14.63104868910305
2024-08-24 22:16:48.391291,43.68104868910305,42.0,14.80104868910305
2024-08-24 22:16:48.627185,43.68104868910305,42.0,14.97104868910305
2024-08-24 22:16:48.842925,43.68104868910305,42.0,15.141048689103052
2024-08-24 22:16:49.064457,43.68104868910305,42.0,15.311048689103052
2024-08-24 22:16:49.282530,43.68104868910305,42.0,15.481048689103051
2024-08-24 22:16:49.492628,43.68104868910305,42.0,15.651048689103051
2024-08-24 22:16:49.709042,43.68104868910305,42.0,15.821048689103051
2024-08-24 22:16:49.980813,43.68104868910305,42.0,15.991048689103051
2024-08-24 22:16:50.193111,43.68104868910305,42.0,16.16104868910305
2024-08-24 22:16:50.410109,43.68104868910305,42.0,16.33104868910305
2024-08-24 22:16:50.698026,43.68104868910305,42.0,16.50104868910305
2024-08-24 22:16:50.924042,43.68104868910305,42.0,16.671048689103053
2024-08-24 22:16:51.140997,43.68104868910305,42.0,16.84104868910305
2024-08-24 22:16:51.359698,43.68104868910305,42.0,17.01104868910305
2024-08-24 22:16:51.571658,43.68104868910305,42.0,17.18104868910305
2024-08-24 22:16:51.834131,43.68104868910305,41.0,17.351048689103052
2024-08-24 22:16:52.109023,43.68104868910305,41.0,21.62104868910305
2024-08-24 22:16:52.375213,43.68104868910305,41.0,18.89104868910305
2024-08-24 22:16:52.594072,43.68104868910305,41.0,19.16104868910305
2024-08-24 22:16:52.878029,43.68104868910305,41.0,19.43104868910305
2024-08-24 22:16:53.085039,43.68104868910305,41.0,19.70104868910305
2024-08-24 22:16:53.316270,43.68104868910305,41.0,19.97104868910305
2024-08-24 22:16:53.591426,43.68104868910305,41.0,20.24104868910305
2024-08-24 22:16:53.799495,43.68104868910305,41.0,20.51104868910305
2024-08-24 22:16:54.082070,43.68104868910305,41.0,20.781048689103052
2024-08-24 22:16:54.288455,43.68104868910305,41.0,21.05104868910305
2024-08-24 22:16:54.517255,43.68104868910305,41.0,21.32104868910305
2024-08-24 22:16:54.776961,43.68104868910305,42.0,21.59104868910305
2024-08-24 22:16:54.989886,43.68104868910305,42.0,17.76104868910305
2024-08-24 22:16:55.207426,43.68104868910305,42.0,20.93104868910305
2024-08-24 22:16:55.448198,43.68104868910305,42.0,21.101048689103052
2024-08-24 22:16:55.748795,43.68104868910305,42.0,21.27104868910305
2024-08-24 22:16:55.986695,43.68104868910305,42.0,21.441048689103052
2024-08-24 22:16:56.273600,43.68104868910305,42.0,21.61104868910305
2024-08-24 22:16:56.483393,43.68104868910305,42.0,21.781048689103052
2024-08-24 22:16:56.799484,43.68104868910305,42.0,21.95104868910305
2024-08-24 22:16:57.062900,43.68104868910305,42.0,22.121048689103052
2024-08-24 22:16:57.267972,43.68104868910305,42.0,22.29104868910305
2024-08-24 22:16:57.503655,43.68104868910305,42.0,22.461048689103052
2024-08-24 22:16:57.721462,43.68104868910305,42.0,22.63104868910305
2024-08-24 22:16:57.940804,43.68104868910305,42.0,22.80104868910305
2024-08-24 22:16:58.216147,43.68104868910305,42.0,22.97104868910305
2024-08-24 22:16:58.500857,43.68104868910305,42.0,23.14104868910305
2024-08-24 22:16:58.780331,43.68104868910305,42.0,23.31104868910305
2024-08-24 22:16:58.986352,43.68104868910305,42.0,23.48104868910305
2024-08-24 22:16:59.207087,43.68104868910305,42.0,23.65104868910305
2024-08-24 22:16:59.466063,43.68104868910305,42.0,23.82104868910305
2024-08-24 22:16:59.674927,43.68104868910305,42.0,23.99104868910305
2024-08-24 22:16:59.952949,43.68104868910305,42.0,24.16104868910305
2024-08-24 22:17:00.162563,43.68104868910305,42.0,24.33104868910305
2024-08-24 22:17:00.381047,43.68104868910305,42.0,24.50104868910305
2024-08-24 22:17:00.601368,43.68104868910305,42.0,24.67104868910305
2024-08-24 22:17:00.815624,43.68104868910305,42.0,24.84104868910305
2024-08-24 22:17:01.095468,43.68104868910305,42.0,25.01104868910305
2024-08-24 22:17:01.361320,43.68104868910305,42.0,25.18104868910305
2024-08-24 22:17:01.644600,43.68104868910305,42.0,25.351048689103052
2024-08-24 22:17:01.857208,43.68104868910305,42.0,25.52104868910305
2024-08-24 22:17:02.077530,43.68104868910305,42.0,25.691048689103052
2024-08-24 22:17:02.285768,43.68104868910305,42.0,25.86104868910305
2024-08-24 22:17:02.503747,43.68104868910305,42.0,26.031048689103052
2024-08-24 22:17:02.724317,43.68104868910305,42.0,26.20104868910305
2024-08-24 22:17:03.023901,43.68104868910305,42.0,26.371048689103052
2024-08-24 22:17:03.312893,43.68104868910305,43.0,26.54104868910305
2024-08-24 22:17:03.528452,43.68104868910305,43.0,22.61104868910305
2024-08-24 22:17:03.819193,43.68104868910305,43.0,25.68104868910305
2024-08-24 22:17:04.024852,43.68104868910305,43.0,25.75104868910305
2024-08-24 22:17:04.252665,43.68104868910305,43.0,25.82104868910305
2024-08-24 22:17:04.530187,43.68104868910305,43.0,25.89104868910305
2024-08-24 22:17:04.739500,43.68104868910305,43.0,25.961048689103052
2024-08-24 22:17:05.046851,43.68104868910305,43.0,26.031048689103052
2024-08-24 22:17:05.253946,43.68104868910305,43.0,26.101048689103052
2024-08-24 22:17:05.473440,43.68104868910305,43.0,26.17104868910305
2024-08-24 22:17:05.749250,43.68104868910305,43.0,26.24104868910305
2024-08-24 22:17:05.963275,43.68104868910305,43.0,26.31104868910305
2024-08-24 22:17:06.182729,43.68104868910305,43.0,26.38104868910305
2024-08-24 22:17:06.401005,43.68104868910305,43.0,26.45104868910305
2024-08-24 22:17:06.610590,43.68104868910305,43.0,26.52104868910305
2024-08-24 22:17:06.919226,43.68104868910305,43.0,26.59104868910305
2024-08-24 22:17:07.151372,43.68104868910305,43.0,26.66104868910305
2024-08-24 22:17:07.360867,43.68104868910305,44.0,26.73104868910305
2024-08-24 22:17:07.572945,43.68104868910305,44.0,22.70104868910305
2024-08-24 22:17:07.832105,43.68104868910305,44.0,25.67104868910305
2024-08-24 22:17:08.096383,43.68104868910305,44.0,25.64104868910305
2024-08-24 22:17:08.369724,43.68104868910305,44.0,25.61104868910305
2024-08-24 22:17:08.653433,43.68104868910305,44.0,25.58104868910305
2024-08-24 22:17:08.865046,43.68104868910305,44.0,25.55104868910305
2024-08-24 22:17:09.086515,43.68104868910305,44.0,25.52104868910305
2024-08-24 22:17:09.368051,43.68104868910305,44.0,25.49104868910305
2024-08-24 22:17:09.669807,43.68104868910305,44.0,25.461048689103052
2024-08-24 22:17:09.905425,43.68104868910305,44.0,25.43104868910305
2024-08-24 22:17:10.198890,43.68104868910305,44.0,25.40104868910305
2024-08-24 22:17:10.404447,43.68104868910305,44.0,25.371048689103052
2024-08-24 22:17:10.644233,43.68104868910305,44.0,25.34104868910305
2024-08-24 22:17:10.931909,43.68104868910305,44.0,25.31104868910305
2024-08-24 22:17:11.230209,43.68104868910305,44.0,25.281048689103052
2024-08-24 22:17:11.441556,43.68104868910305,44.0,25.25104868910305
2024-08-24 22:17:11.668909,43.68104868910305,44.0,25.22104868910305
2024-08-24 22:17:11.886855,43.68104868910305,44.0,25.191048689103052
2024-08-24 22:17:12.094599,43.68104868910305,44.0,25.16104868910305
2024-08-24 22:17:12.311086,43.68104868910305,45.0,25.13104868910305
2024-08-24 22:17:12.525068,43.68104868910305,45.0,21.00104868910305
2024-08-24 22:17:12.768308,43.68104868910305,45.0,23.871048689103052
2024-08-24 22:17:12.977115,43.68104868910305,45.0,23.74104868910305
2024-08-24 22:17:13.266899,43.68104868910305,45.0,23.61104868910305
2024-08-24 22:17:13.567604,43.68104868910305,45.0,23.48104868910305
2024-08-24 22:17:13.796802,43.68104868910305,45.0,23.351048689103052
2024-08-24 22:17:14.082073,43.68104868910305,45.0,23.22104868910305
2024-08-24 22:17:14.346007,43.68104868910305,45.0,23.09104868910305
2024-08-24 22:17:14.549947,43.68104868910305,45.0,22.961048689103052
2024-08-24 22:17:14.771094,43.68104868910305,45.0,22.83104868910305
2024-08-24 22:17:15.039295,43.68104868910305,45.0,22.70104868910305
2024-08-24 22:17:15.259362,43.68104868910305,45.0,22.57104868910305
2024-08-24 22:17:15.476598,43.68104868910305,45.0,22.441048689103052
2024-08-24 22:17:15.781656,43.68104868910305,45.0,22.31104868910305
2024-08-24 22:17:16.060147,43.68104868910305,45.0,22.18104868910305
2024-08-24 22:17:16.337747,43.68104868910305,45.0,22.05104868910305
2024-08-24 22:17:16.542350,43.68104868910305,45.0,21.92104868910305
2024-08-24 22:17:16.769065,43.68104868910305,45.0,21.79104868910305
2024-08-24 22:17:17.063008,43.68104868910305,45.0,21.66104868910305
2024-08-24 22:17:17.361813,43.68104868910305,45.0,21.531048689103052
2024-08-24 22:17:17.593944,43.68104868910305,45.0,21.40104868910305
2024-08-24 22:17:17.801975,43.68104868910305,46.0,21.27104868910305
2024-08-24 22:17:18.010373,43.68104868910305,46.0,17.04104868910305
2024-08-24 22:17:18.317504,43.68104868910305,46.0,19.81104868910305
2024-08-24 22:17:18.540395,43.68104868910305,46.0,19.58104868910305
2024-08-24 22:17:18.809315,43.68104868910305,46.0,19.351048689103052
2024-08-24 22:17:19.077764,43.68104868910305,46.0,19.121048689103052
2024-08-24 22:17:19.283829,43.68104868910305,46.0,18.89104868910305
2024-08-24 22:17:19.508880,43.68104868910305,46.0,18.66104868910305
2024-08-24 22:17:19.773436,43.68104868910305,46.0,18.43104868910305
2024-08-24 22:17:19.986543,43.68104868910305,46.0,18.20104868910305
2024-08-24 22:17:20.204466,43.68104868910305,46.0,17.97104868910305
2024-08-24 22:17:20.440304,43.68104868910305,46.0,17.74104868910305
2024-08-24 22:17:20.738382,43.68104868910305,46.0,17.51104868910305
2024-08-24 22:17:20.947903,43.68104868910305,46.0,17.281048689103052
2024-08-24 22:17:21.170394,43.68104868910305,46.0,17.05104868910305
2024-08-24 22:17:21.387273,43.68104868910305,45.0,16.82104868910305
2024-08-24 22:17:21.698830,43.68104868910305,45.0,20.691048689103052
2024-08-24 22:17:21.965555,43.68104868910305,45.0,17.56104868910305
2024-08-24 22:17:22.282969,43.68104868910305,45.0,17.30104868910305
2024-08-24 22:17:22.489895,43.68104868910305,45.0,17.17104868910305
2024-08-24 22:17:22.708793,43.68104868910305,45.0,17.04104868910305
2024-08-24 22:17:22.941808,43.68104868910305,45.0,16.91104868910305
2024-08-24 22:17:23.199561,43.68104868910305,45.0,16.781048689103052
2024-08-24 22:17:23.472449,43.68104868910305,45.0,16.65104868910305
2024-08-24 22:17:23.676485,43.68104868910305,45.0,16.52104868910305
2024-08-24 22:17:23.969285,43.68104868910305,45.0,16.39104868910305
2024-08-24 22:17:24.175754,43.68104868910305,45.0,16.26104868910305
2024-08-24 22:17:24.393611,43.68104868910305,45.0,16.13104868910305
2024-08-24 22:17:24.696535,43.68104868910305,45.0,16.00104868910305
2024-08-24 22:17:24.990121,43.68104868910305,45.0,15.871048689103052
2024-08-24 22:17:25.267910,43.68104868910305,45.0,15.74104868910305
2024-08-24 22:17:25.500975,43.68104868910305,45.0,15.61104868910305
2024-08-24 22:17:25.784276,43.68104868910305,45.0,15.481048689103051
2024-08-24 22:17:25.991899,43.68104868910305,45.0,15.351048689103052
2024-08-24 22:17:26.226023,43.68104868910305,45.0,15.22104868910305
2024-08-24 22:17:26.421894,43.68104868910305,45.0,15.09104868910305
2024-08-24 22:17:26.642404,43.68104868910305,45.0,14.961048689103052
2024-08-24 22:17:26.889985,43.68104868910305,44.0,18.93104868910305
2024-08-24 22:17:27.187950,43.68104868910305,44.0,15.90104868910305
2024-08-24 22:17:27.405756,43.68104868910305,44.0,15.871048689103052
2024-08-24 22:17:27.626587,43.68104868910305,44.0,15.84104868910305
2024-08-24 22:17:27.917544,43.68104868910305,44.0,15.81104868910305
2024-08-24 22:17:28.119390,43.68104868910305,44.0,15.781048689103052
2024-08-24 22:17:28.402740,43.68104868910305,44.0,15.751048689103051
2024-08-24 22:17:28.607957,43.68104868910305,44.0,15.72104868910305
2024-08-24 22:17:28.833647,43.68104868910305,44.0,15.691048689103052
2024-08-24 22:17:29.128656,43.68104868910305,44.0,15.661048689103051
2024-08-24 22:17:29.423819,43.68104868910305,44.0,15.63104868910305
2024-08-24 22:17:29.663615,43.68104868910305,44.0,15.60104868910305
2024-08-24 22:17:29.925164,43.68104868910305,44.0,15.571048689103051
2024-08-24 22:17:30.197183,43.68104868910305,43.0,15.54104868910305
2024-08-24 22:17:30.406603,43.68104868910305,43.0,19.61104868910305
2024-08-24 22:17:30.640817,43.68104868910305,43.0,16.68104868910305
2024-08-24 22:17:30.838763,43.68104868910305,43.0,16.75104868910305
2024-08-24 22:17:31.052837,43.68104868910305,43.0,16.82104868910305
2024-08-24 22:17:31.335906,43.68104868910305,43.0,16.89104868910305
2024-08-24 22:17:31.591721,43.68104868910305,43.0,16.961048689103052
2024-08-24 22:17:31.881132,43.68104868910305,43.0,17.031048689103052
2024-08-24 22:17:32.088221,43.68104868910305,43.0,17.101048689103052
2024-08-24 22:17:32.322104,43.68104868910305,43.0,17.17104868910305
2024-08-24 22:17:32.605206,43.68104868910305,43.0,17.24104868910305
2024-08-24 22:17:32.826315,43.68104868910305,43.0,17.31104868910305
2024-08-24 22:17:33.046393,43.68104868910305,43.0,17.38104868910305
2024-08-24 22:17:33.277526,43.68104868910305,43.0,17.45104868910305
2024-08-24 22:17:33.501997,43.68104868910305,43.0,17.52104868910305
2024-08-24 22:17:33.719210,43.68104868910305,43.0,17.59104868910305
2024-08-24 22:17:33.966427,43.68104868910305,42.0,17.66104868910305
2024-08-24 22:17:34.172382,43.68104868910305,42.0,21.83104868910305
2024-08-24 22:17:34.389705,43.68104868910305,42.0,19.00104868910305
2024-08-24 22:17:34.679445,43.68104868910305,42.0,19.17104868910305
2024-08-24 22:17:34.977129,43.68104868910305,42.0,19.34104868910305
2024-08-24 22:17:35.260908,43.68104868910305,42.0,19.51104868910305
2024-08-24 22:17:35.491632,43.68104868910305,42.0,19.68104868910305
2024-08-24 22:17:35.698354,43.68104868910305,42.0,19.851048689103052
2024-08-24 22:17:35.947757,43.68104868910305,42.0,20.02104868910305
2024-08-24 22:17:36.227692,43.68104868910305,42.0,20.191048689103052
2024-08-24 22:17:36.445643,43.68104868910305,42.0,20.36104868910305
2024-08-24 22:17:36.662583,43.68104868910305,42.0,20.531048689103052
2024-08-24 22:17:36.882104,43.68104868910305,42.0,20.70104868910305
2024-08-24 22:17:37.168711,43.68104868910305,42.0,20.871048689103052
2024-08-24 22:17:37.379992,43.68104868910305,42.0,21.04104868910305
2024-08-24 22:17:37.599893,43.68104868910305,42.0,21.211048689103052
2024-08-24 22:17:37.819598,43.68104868910305,42.0,21.38104868910305
2024-08-24 22:17:38.084839,43.68104868910305,42.0,21.55104868910305
2024-08-24 22:17:38.380679,43.68104868910305,42.0,21.72104868910305
2024-08-24 22:17:38.597376,43.68104868910305,42.0,21.89104868910305
2024-08-24 22:17:38.874052,43.68104868910305,42.0,22.06104868910305
2024-08-24 22:17:39.136739,43.68104868910305,42.0,22.23104868910305
2024-08-24 22:17:39.344146,43.68104868910305,42.0,22.40104868910305
2024-08-24 22:17:39.567667,43.68104868910305,42.0,22.57104868910305
2024-08-24 22:17:39.863976,43.68104868910305,42.0,22.74104868910305
2024-08-24 22:17:40.078685,43.68104868910305,42.0,22.91104868910305
2024-08-24 22:17:40.294235,43.68104868910305,42.0,23.08104868910305
2024-08-24 22:17:40.517274,43.68104868910305,42.0,23.25104868910305
2024-08-24 22:17:40.726082,43.68104868910305,42.0,23.42104868910305
2024-08-24 22:17:40.964207,43.68104868910305,42.0,23.59104868910305
2024-08-24 22:17:41.255942,43.68104868910305,42.0,23.76104868910305
2024-08-24 22:17:41.386284,43.68104868910305,42.0,23.76104868910305
2024-08-24 22:17:41.604917,43.68104868910305,42.0,23.93104868910305
2024-08-24 22:17:41.820548,43.68104868910305,42.0,24.101048689103052
2024-08-24 22:17:42.073274,43.68104868910305,42.0,24.27104868910305
2024-08-24 22:17:42.288288,43.68104868910305,42.0,24.441048689103052
2024-08-24 22:17:42.501927,43.68104868910305,42.0,24.61104868910305
2024-08-24 22:17:42.785236,43.68104868910305,42.0,24.781048689103052
2024-08-24 22:17:42.996979,43.68104868910305,42.0,24.95104868910305
2024-08-24 22:17:43.214268,43.68104868910305,42.0,25.121048689103052
2024-08-24 22:17:43.432276,43.68104868910305,42.0,25.29104868910305
2024-08-24 22:17:43.652807,43.68104868910305,42.0,25.461048689103052
2024-08-24 22:17:43.879336,43.68104868910305,42.0,25.63104868910305
2024-08-24 22:17:44.104221,43.68104868910305,42.0,25.80104868910305
2024-08-24 22:17:44.364002,43.68104868910305,42.0,25.97104868910305
2024-08-24 22:17:44.565975,43.68104868910305,42.0,26.14104868910305
2024-08-24 22:17:44.784739,43.68104868910305,42.0,26.31104868910305
2024-08-24 22:17:45.005833,43.68104868910305,42.0,26.48104868910305
2024-08-24 22:17:45.280769,43.68104868910305,42.0,26.65104868910305
2024-08-24 22:17:45.501812,43.68104868910305,42.0,26.82104868910305
2024-08-24 22:17:45.716740,43.68104868910305,42.0,26.99104868910305
2024-08-24 22:17:45.928311,43.68104868910305,42.0,27.16104868910305
2024-08-24 22:17:46.147276,43.68104868910305,42.0,27.33104868910305
2024-08-24 22:17:46.392418,43.68104868910305,42.0,27.50104868910305
2024-08-24 22:17:46.600114,43.68104868910305,42.0,27.67104868910305
2024-08-24 22:17:46.829274,43.68104868910305,42.0,27.84104868910305
2024-08-24 22:17:47.113237,43.68104868910305,42.0,28.01104868910305
2024-08-24 22:17:47.325347,43.68104868910305,42.0,28.18104868910305
2024-08-24 22:17:47.542341,43.68104868910305,42.0,28.351048689103052
2024-08-24 22:17:47.815514,43.68104868910305,42.0,28.52104868910305
2024-08-24 22:17:48.106035,43.68104868910305,42.0,28.691048689103052
2024-08-24 22:17:48.409147,43.68104868910305,42.0,28.86104868910305
2024-08-24 22:17:48.646843,43.68104868910305,42.0,29.031048689103052
2024-08-24 22:17:48.918027,43.68104868910305,42.0,29.20104868910305
2024-08-24 22:17:49.207135,43.68104868910305,42.0,29.371048689103052
2024-08-24 22:17:49.413132,43.68104868910305,42.0,29.54104868910305
2024-08-24 22:17:49.647798,43.68104868910305,42.0,29.711048689103052
2024-08-24 22:17:49.844312,43.68104868910305,42.0,29.88104868910305
2024-08-24 22:17:50.068660,43.68104868910305,42.0,30.05104868910305
2024-08-24 22:17:50.313958,43.68104868910305,42.0,30.22104868910305
2024-08-24 22:17:50.614016,43.68104868910305,43.0,30.39104868910305
2024-08-24 22:17:50.821434,43.68104868910305,43.0,26.461048689103052
2024-08-24 22:17:51.048183,43.68104868910305,43.0,29.531048689103052
2024-08-24 22:17:51.267561,43.68104868910305,43.0,29.601048689103052
2024-08-24 22:17:51.487162,43.68104868910305,43.0,29.67104868910305
2024-08-24 22:17:51.714074,43.68104868910305,43.0,29.74104868910305
2024-08-24 22:17:51.963194,43.68104868910305,43.0,29.81104868910305
2024-08-24 22:17:52.168217,43.68104868910305,43.0,29.88104868910305
2024-08-24 22:17:52.403358,43.68104868910305,43.0,29.95104868910305
2024-08-24 22:17:52.679289,43.68104868910305,43.0,30.02104868910305
2024-08-24 22:17:52.885669,43.68104868910305,43.0,30.09104868910305
2024-08-24 22:17:53.105920,43.68104868910305,43.0,30.16104868910305
2024-08-24 22:17:53.419962,43.68104868910305,43.0,30.23104868910305
2024-08-24 22:17:53.674837,43.68104868910305,43.0,30.30104868910305
2024-08-24 22:17:53.901415,43.68104868910305,43.0,30.371048689103052
2024-08-24 22:17:54.183404,43.68104868910305,43.0,30.441048689103052
2024-08-24 22:17:54.478171,43.68104868910305,43.0,30.51104868910305
2024-08-24 22:17:54.690883,43.68104868910305,43.0,30.58104868910305
2024-08-24 22:17:54.996826,43.68104868910305,44.0,30.65104868910305
2024-08-24 22:17:55.214233,43.68104868910305,44.0,26.621048689103052
2024-08-24 22:17:55.479836,43.68104868910305,44.0,29.59104868910305
2024-08-24 22:17:55.765985,43.68104868910305,44.0,29.56104868910305
2024-08-24 22:17:55.971481,43.68104868910305,44.0,29.531048689103052
2024-08-24 22:17:56.202579,43.68104868910305,44.0,29.50104868910305
2024-08-24 22:17:56.488384,43.68104868910305,44.0,29.47104868910305
2024-08-24 22:17:56.786479,43.68104868910305,44.0,29.441048689103052
2024-08-24 22:17:57.026335,43.68104868910305,44.0,29.41104868910305
2024-08-24 22:17:57.307899,43.68104868910305,44.0,29.38104868910305
2024-08-24 22:17:57.603992,43.68104868910305,44.0,29.351048689103052
2024-08-24 22:17:57.809730,43.68104868910305,44.0,29.32104868910305
2024-08-24 22:17:58.115890,43.68104868910305,44.0,29.29104868910305
2024-08-24 22:17:58.343422,43.68104868910305,45.0,29.26104868910305
2024-08-24 22:17:58.556637,43.68104868910305,45.0,25.13104868910305
2024-08-24 22:17:58.767318,43.68104868910305,45.0,28.00104868910305
2024-08-24 22:17:58.986004,43.68104868910305,45.0,27.871048689103052
2024-08-24 22:17:59.255833,43.68104868910305,45.0,27.74104868910305
2024-08-24 22:17:59.468690,43.68104868910305,45.0,27.61104868910305
2024-08-24 22:17:59.686596,43.68104868910305,45.0,27.48104868910305
2024-08-24 22:17:59.951798,43.68104868910305,45.0,27.351048689103052
2024-08-24 22:18:00.227530,43.68104868910305,45.0,27.22104868910305
2024-08-24 22:18:00.436648,43.68104868910305,45.0,27.09104868910305
2024-08-24 22:18:00.717626,43.68104868910305,45.0,26.961048689103052
2024-08-24 22:18:00.926180,43.68104868910305,45.0,26.83104868910305
2024-08-24 22:18:01.158255,43.68104868910305,45.0,26.70104868910305
2024-08-24 22:18:01.364558,43.68104868910305,45.0,26.57104868910305
2024-08-24 22:18:01.571384,43.68104868910305,45.0,26.441048689103052
2024-08-24 22:18:01.827389,43.68104868910305,45.0,26.31104868910305
2024-08-24 22:18:02.041100,43.68104868910305,45.0,26.18104868910305
2024-08-24 22:18:02.256417,43.68104868910305,45.0,26.05104868910305
2024-08-24 22:18:02.475238,43.68104868910305,45.0,25.92104868910305
2024-08-24 22:18:02.749645,43.68104868910305,45.0,25.79104868910305
2024-08-24 22:18:02.980223,43.68104868910305,45.0,25.66104868910305
2024-08-24 22:18:03.193733,43.68104868910305,45.0,25.531048689103052
2024-08-24 22:18:03.409754,43.68104868910305,45.0,25.40104868910305
2024-08-24 22:18:03.634356,43.68104868910305,45.0,25.27104868910305
2024-08-24 22:18:03.850326,43.68104868910305,45.0,25.14104868910305
2024-08-24 22:18:04.153654,43.68104868910305,45.0,25.01104868910305
2024-08-24 22:18:04.442706,43.68104868910305,45.0,24.88104868910305
2024-08-24 22:18:04.648004,43.68104868910305,45.0,24.75104868910305
2024-08-24 22:18:04.877316,43.68104868910305,45.0,24.621048689103052
2024-08-24 22:18:05.158843,43.68104868910305,45.0,24.49104868910305
2024-08-24 22:18:05.372843,43.68104868910305,45.0,24.36104868910305
2024-08-24 22:18:05.590715,43.68104868910305,45.0,24.23104868910305
2024-08-24 22:18:05.809654,43.68104868910305,45.0,24.101048689103052
2024-08-24 22:18:06.030457,43.68104868910305,45.0,23.97104868910305
2024-08-24 22:18:06.274110,43.68104868910305,45.0,23.84104868910305
2024-08-24 22:18:06.484561,43.68104868910305,45.0,23.711048689103052
2024-08-24 22:18:06.707385,43.68104868910305,45.0,23.58104868910305
2024-08-24 22:18:06.988590,43.68104868910305,45.0,23.45104868910305
2024-08-24 22:18:07.286009,43.68104868910305,45.0,23.32104868910305
2024-08-24 22:18:07.577515,43.68104868910305,45.0,23.191048689103052
2024-08-24 22:18:07.809111,43.68104868910305,45.0,23.06104868910305
2024-08-24 22:18:08.017153,43.68104868910305,45.0,22.93104868910305
2024-08-24 22:18:08.254317,43.68104868910305,45.0,22.80104868910305
2024-08-24 22:18:08.552605,43.68104868910305,45.0,22.67104868910305
2024-08-24 22:18:08.855470,43.68104868910305,45.0,22.54104868910305
2024-08-24 22:18:09.064570,43.68104868910305,45.0,22.41104868910305
2024-08-24 22:18:09.300821,43.68104868910305,45.0,22.281048689103052
2024-08-24 22:18:09.518091,43.68104868910305,45.0,0
2024-08-24 22:18:09.734430,43.68104868910305,45.0,0
2024-08-24 22:18:09.945841,43.68104868910305,45.0,0
2024-08-24 22:18:10.167079,43.68104868910305,45.0,0
2024-08-24 22:18:10.379265,43.68104868910305,45.0,0
2024-08-24 22:18:10.676612,43.68104868910305,45.0,0
2024-08-24 22:18:10.896393,43.68104868910305,45.0,0
2024-08-24 22:18:11.103361,43.68104868910305,45.0,0
2024-08-24 22:18:11.412627,43.68104868910305,45.0,0
2024-08-24 22:18:11.636785,43.68104868910305,45.0,0
2024-08-24 22:18:11.917741,43.68104868910305,44.0,0
2024-08-24 22:18:12.138076,43.68104868910305,44.0,2.6510486891030505
2024-08-24 22:18:12.358752,43.68104868910305,44.0,0
2024-08-24 22:18:12.620801,43.68104868910305,44.0,0
2024-08-24 22:18:12.838922,43.68104868910305,44.0,0
2024-08-24 22:18:13.128083,43.68104868910305,44.0,0
2024-08-24 22:18:13.380838,43.68104868910305,43.0,0
2024-08-24 22:18:13.598585,43.68104868910305,43.0,3.751048689103051
2024-08-24 22:18:13.812743,43.68104868910305,43.0,0.7510486891030508
2024-08-24 22:18:14.078374,43.68104868910305,43.0,0.7510486891030508
2024-08-24 22:18:14.337043,43.68104868910305,42.0,0.7510486891030508
2024-08-24 22:18:14.644640,43.68104868910305,42.0,4.851048689103051
2024-08-24 22:18:14.897241,43.68104868910305,42.0,1.8510486891030506
2024-08-24 22:18:15.162006,43.68104868910305,41.0,1.8510486891030506
2024-08-24 22:18:15.368356,43.68104868910305,41.0,0
2024-08-24 22:18:15.683692,43.68104868910305,41.0,0
2024-08-24 22:18:15.905087,43.68104868910305,41.0,0
2024-08-24 22:18:16.107580,43.68104868910305,41.0,0
2024-08-24 22:18:16.323773,43.68104868910305,40.0,5.95104868910305
2024-08-24 22:18:16.629639,43.68104868910305,40.0,7.051048689103051
2024-08-24 22:18:16.918538,43.68104868910305,40.0,4.051048689103051
2024-08-24 22:18:17.131649,43.68104868910305,39.0,4.051048689103051
2024-08-24 22:18:17.350171,43.68104868910305,39.0,8.15104868910305
2024-08-24 22:18:17.589578,43.68104868910305,39.0,5.1510486891030505
2024-08-24 22:18:17.821137,43.68104868910305,39.0,5.1510486891030505
2024-08-24 22:18:18.032368,43.68104868910305,39.0,5.1510486891030505
2024-08-24 22:18:18.284729,43.68104868910305,38.0,5.1510486891030505
2024-08-24 22:18:18.501602,43.68104868910305,38.0,9.251048689103051
2024-08-24 22:18:18.713675,43.68104868910305,38.0,6.251048689103051
2024-08-24 22:18:19.021776,43.68104868910305,38.0,6.251048689103051
2024-08-24 22:18:19.235059,43.68104868910305,38.0,6.251048689103051
2024-08-24 22:18:19.493389,43.68104868910305,38.0,6.251048689103051
2024-08-24 22:18:19.704815,43.68104868910305,37.0,6.251048689103051
2024-08-24 22:18:19.926727,43.68104868910305,37.0,10.35104868910305
2024-08-24 22:18:20.141792,43.68104868910305,37.0,7.351048689103051
2024-08-24 22:18:20.352883,43.68104868910305,37.0,7.351048689103051
2024-08-24 22:18:20.602004,43.68104868910305,37.0,7.351048689103051
2024-08-24 22:18:20.858542,43.68104868910305,37.0,7.351048689103051
2024-08-24 22:18:21.064480,43.68104868910305,37.0,7.351048689103051
2024-08-24 22:18:21.323450,43.68104868910305,36.0,7.351048689103051
2024-08-24 22:18:21.593208,43.68104868910305,36.0,11.45104868910305
2024-08-24 22:18:21.901498,43.68104868910305,36.0,8.45104868910305
2024-08-24 22:18:22.121441,43.68104868910305,36.0,8.45104868910305
2024-08-24 22:18:22.324576,43.68104868910305,36.0,8.45104868910305
2024-08-24 22:18:22.538257,43.68104868910305,36.0,8.45104868910305
2024-08-24 22:18:22.755674,43.68104868910305,36.0,8.45104868910305
2024-08-24 22:18:23.019146,43.68104868910305,35.0,8.45104868910305
2024-08-24 22:18:23.240921,43.68104868910305,35.0,12.55104868910305
2024-08-24 22:18:23.460331,43.68104868910305,35.0,9.55104868910305
2024-08-24 22:18:23.714351,43.68104868910305,35.0,9.55104868910305
2024-08-24 22:18:23.922890,43.68104868910305,35.0,9.55104868910305
2024-08-24 22:18:24.145891,43.68104868910305,35.0,9.55104868910305
2024-08-24 22:18:24.358961,43.68104868910305,35.0,9.55104868910305
2024-08-24 22:18:24.656710,43.68104868910305,35.0,9.55104868910305
2024-08-24 22:18:24.917319,43.68104868910305,35.0,9.55104868910305
2024-08-24 22:18:25.126401,43.68104868910305,35.0,9.55104868910305
2024-08-24 22:18:25.347318,43.68104868910305,34.0,9.55104868910305
2024-08-24 22:18:25.574726,43.68104868910305,34.0,13.651048689103051
2024-08-24 22:18:25.800778,43.68104868910305,34.0,10.651048689103051
2024-08-24 22:18:26.064282,43.68104868910305,34.0,10.651048689103051
2024-08-24 22:18:26.320507,43.68104868910305,34.0,10.651048689103051
2024-08-24 22:18:26.531307,43.68104868910305,34.0,10.651048689103051
2024-08-24 22:18:26.745823,43.68104868910305,34.0,10.651048689103051
2024-08-24 22:18:26.961205,43.68104868910305,34.0,10.651048689103051
2024-08-24 22:18:27.227028,43.68104868910305,34.0,10.651048689103051
2024-08-24 22:18:27.444816,43.68104868910305,34.0,10.651048689103051
2024-08-24 22:18:27.657239,43.68104868910305,34.0,10.651048689103051
2024-08-24 22:18:27.971171,43.68104868910305,34.0,10.651048689103051
2024-08-24 22:18:28.189834,43.68104868910305,34.0,10.651048689103051
2024-08-24 22:18:28.470874,43.68104868910305,34.0,10.651048689103051
2024-08-24 22:18:28.683419,43.68104868910305,34.0,10.651048689103051
2024-08-24 22:18:28.900586,43.68104868910305,34.0,10.651048689103051
2024-08-24 22:18:29.119143,43.68104868910305,34.0,10.651048689103051
2024-08-24 22:18:29.338714,43.68104868910305,33.0,10.651048689103051
2024-08-24 22:18:29.549235,43.68104868910305,33.0,14.751048689103051
2024-08-24 22:18:29.855397,43.68104868910305,33.0,11.751048689103051
2024-08-24 22:18:30.077011,43.68104868910305,33.0,11.751048689103051
2024-08-24 22:18:30.290064,43.68104868910305,33.0,11.751048689103051
2024-08-24 22:18:30.510410,43.68104868910305,33.0,11.751048689103051
2024-08-24 22:18:30.756527,43.68104868910305,33.0,11.751048689103051
2024-08-24 22:18:30.970726,43.68104868910305,33.0,11.751048689103051
2024-08-24 22:18:31.261948,43.68104868910305,33.0,11.751048689103051
2024-08-24 22:18:31.474161,43.68104868910305,33.0,11.751048689103051
2024-08-24 22:18:31.725754,43.68104868910305,33.0,11.751048689103051
2024-08-24 22:18:31.943352,43.68104868910305,33.0,11.751048689103051
2024-08-24 22:18:32.154698,43.68104868910305,33.0,11.751048689103051
2024-08-24 22:18:32.372049,43.68104868910305,33.0,11.751048689103051
2024-08-24 22:18:32.651742,43.68104868910305,33.0,11.751048689103051
2024-08-24 22:18:32.907300,43.68104868910305,33.0,11.751048689103051
2024-08-24 22:18:33.117193,43.68104868910305,33.0,11.751048689103051
2024-08-24 22:18:33.336577,43.68104868910305,33.0,11.751048689103051
2024-08-24 22:18:33.630465,43.68104868910305,33.0,11.751048689103051
2024-08-24 22:18:33.846999,43.68104868910305,33.0,11.751048689103051
2024-08-24 22:18:34.062872,43.68104868910305,33.0,11.751048689103051
2024-08-24 22:18:34.279620,43.68104868910305,33.0,11.751048689103051
2024-08-24 22:18:34.584771,43.68104868910305,33.0,11.751048689103051
2024-08-24 22:18:34.816742,43.68104868910305,33.0,11.751048689103051
2024-08-24 22:18:35.038197,43.68104868910305,33.0,11.751048689103051
2024-08-24 22:18:35.252646,43.68104868910305,33.0,11.751048689103051
2024-08-24 22:18:35.471652,43.68104868910305,33.0,11.751048689103051
2024-08-24 22:18:35.701626,43.68104868910305,33.0,11.751048689103051
2024-08-24 22:18:35.890999,43.68104868910305,33.0,11.751048689103051
2024-08-24 22:18:36.113327,43.68104868910305,33.0,11.751048689103051
2024-08-24 22:18:36.334102,43.68104868910305,33.0,11.751048689103051
2024-08-24 22:18:36.549780,43.68104868910305,33.0,11.751048689103051
2024-08-24 22:18:36.804928,43.68104868910305,33.0,11.751048689103051
2024-08-24 22:18:37.021301,43.68104868910305,33.0,11.751048689103051
2024-08-24 22:18:37.239732,43.68104868910305,33.0,11.751048689103051
2024-08-24 22:18:37.456786,43.68104868910305,33.0,11.751048689103051
2024-08-24 22:18:37.665862,43.68104868910305,33.0,11.751048689103051
2024-08-24 22:18:37.979735,43.68104868910305,33.0,12.821048689103051
2024-08-24 22:18:38.195126,43.68104868910305,33.0,11.751048689103051
2024-08-24 22:18:38.485112,43.68104868910305,33.0,11.751048689103051
2024-08-24 22:18:38.696404,43.68104868910305,33.0,11.751048689103051
2024-08-24 22:18:38.905044,43.68104868910305,33.0,11.751048689103051
2024-08-24 22:18:39.130564,43.68104868910305,33.0,11.751048689103051
2024-08-24 22:18:39.340475,43.68104868910305,33.0,11.751048689103051
2024-08-24 22:18:39.656594,43.68104868910305,33.0,11.751048689103051
2024-08-24 22:18:39.780392,43.68104868910305,33.0,11.751048689103051
2024-08-24 22:18:40.001706,43.68104868910305,33.0,11.751048689103051
2024-08-24 22:18:40.265789,43.68104868910305,33.0,11.751048689103051
2024-08-24 22:18:40.522993,43.68104868910305,33.0,11.751048689103051
2024-08-24 22:18:40.745528,43.68104868910305,33.0,11.751048689103051
2024-08-24 22:18:41.027184,43.68104868910305,33.0,11.751048689103051
2024-08-24 22:18:41.242899,43.68104868910305,33.0,11.751048689103051
2024-08-24 22:18:41.461983,43.68104868910305,33.0,11.751048689103051
2024-08-24 22:18:41.722496,43.68104868910305,33.0,11.751048689103051
2024-08-24 22:18:41.946249,43.68104868910305,33.0,11.751048689103051
2024-08-24 22:18:42.159917,43.68104868910305,32.0,15.85104868910305
2024-08-24 22:18:42.379242,43.68104868910305,32.0,12.85104868910305
2024-08-24 22:18:42.604064,43.68104868910305,32.0,12.85104868910305
2024-08-24 22:18:42.825113,43.68104868910305,32.0,12.85104868910305
2024-08-24 22:18:43.085041,43.68104868910305,32.0,12.85104868910305
2024-08-24 22:18:43.339264,43.68104868910305,32.0,12.85104868910305
2024-08-24 22:18:43.568616,43.68104868910305,32.0,12.85104868910305
2024-08-24 22:18:43.781074,43.68104868910305,32.0,12.85104868910305
2024-08-24 22:18:44.096308,43.68104868910305,32.0,12.85104868910305
2024-08-24 22:18:44.316751,43.68104868910305,32.0,12.85104868910305
2024-08-24 22:18:44.526636,43.68104868910305,32.0,12.85104868910305
2024-08-24 22:18:44.745006,43.68104868910305,32.0,12.85104868910305
2024-08-24 22:18:44.960997,43.68104868910305,32.0,12.85104868910305
2024-08-24 22:18:45.215090,43.68104868910305,32.0,12.85104868910305
2024-08-24 22:18:45.421221,43.68104868910305,32.0,12.85104868910305
2024-08-24 22:18:45.744346,43.68104868910305,32.0,12.85104868910305
2024-08-24 22:18:45.968618,43.68104868910305,32.0,12.85104868910305
2024-08-24 22:18:46.169181,43.68104868910305,32.0,12.85104868910305
2024-08-24 22:18:46.382006,43.68104868910305,32.0,12.85104868910305
2024-08-24 22:18:46.602686,43.68104868910305,32.0,12.85104868910305
2024-08-24 22:18:46.814219,43.68104868910305,32.0,12.85104868910305
2024-08-24 22:18:47.128990,43.68104868910305,32.0,12.85104868910305
2024-08-24 22:18:47.344361,43.68104868910305,32.0,12.85104868910305
2024-08-24 22:18:47.587071,43.68104868910305,32.0,12.85104868910305
2024-08-24 22:18:47.820563,43.68104868910305,32.0,12.85104868910305
2024-08-24 22:18:48.028308,43.68104868910305,32.0,12.85104868910305
2024-08-24 22:18:48.340755,43.68104868910305,32.0,12.85104868910305
2024-08-24 22:18:48.589547,43.68104868910305,32.0,12.85104868910305
2024-08-24 22:18:48.810258,43.68104868910305,32.0,12.85104868910305
2024-08-24 22:18:49.096474,43.68104868910305,32.0,12.85104868910305
2024-08-24 22:18:49.312229,43.68104868910305,32.0,12.85104868910305
2024-08-24 22:18:49.534054,43.68104868910305,32.0,12.85104868910305
2024-08-24 22:18:49.747101,43.68104868910305,32.0,12.85104868910305
2024-08-24 22:18:50.042523,43.68104868910305,32.0,12.85104868910305
2024-08-24 22:18:50.308464,43.68104868910305,32.0,12.85104868910305
